repetition,f1-score
0,0.878827276
1,0.876953994
2,0.872062222
3,0.888988897
4,0.887550876
5,0.883026329
6,0.867594079
7,0.869422269
8,0.880648515
9,0.874368471
Avg,0.877944293
Max,0.888988897
Min,0.867594079
