Defect Type,FID Value
all_defect,82.89404468934539
double_crossing,128.7517346948915
gap_crossing,57.58578675341671
gap_double,89.86304416336476
no_defect,67.86065848521105
only_crossing,146.8109826031206
only_double,68.6564465421372
only_gap,87.90062747689208
