repetition,F1-score
0,0.886253162
1,0.890414784
2,0.896802154
3,0.876761358
4,0.903061213
5,0.887137549
6,0.895726401
7,0.874138233
8,0.890271826
9,0.892173286
Avg,0.889273997
Min,0.874138233
Max,0.903061213
