repetition,f1-score
0,0.845877039
1,0.845164513
2,0.831131534
3,0.843078181
4,0.861834831
5,0.857644051
6,0.825518403
7,0.845811167
8,0.853413992
9,0.832756878
avg,0.844223059
max,0.861834831
Min,0.825518403
