repetition,f1-score
0,0.838027802
1,0.860192521
2,0.875190215
3,0.879252956
4,0.831019589
5,0.868169026
6,0.841130992
7,0.868601788
8,0.868538586
9,0.881547481
Avg,0.861167096
Max,0.881547481
Min,0.831019589
