Repetition,f1-score
0,0.936159973
1,0.943196431
2,0.934060045
3,0.929168647
4,0.935517764
Avg,0.935620572
Max,0.943196431
Min,0.929168647
