repetition,f1-score
0,0.899359374
1,0.899708714
2,0.889277068
3,0.89338143
4,0.885205877
5,0.895161394
6,0.899567712
7,0.873973113
8,0.896236179
9,0.907204445
avg,0.893907531
max,0.907204445
min,0.873973113
