repetition,f1-score
0,0.935361506
1,0.934968328
2,0.919656066
3,0.930482033
4,0.939308962
5,0.929619843
6,0.928284396
7,0.942057819
8,0.931688119
9,0.92419557
avg,0.931562264
Max,0.942057819
Min,0.919656066
