repetition,f1-score
0,0.931720227
1,0.933938711
2,0.938288302
3,0.91972512
4,0.933133717
5,0.922387064
6,0.93966178
7,0.918787511
8,0.921682692
9,0.93137377
Avg,0.929069889
Max,0.93966178
Min,0.918787511
