repetition,f1-score
0,0.862105727
1,0.860392052
2,0.877115546
3,0.871629591
4,0.867852881
5,0.89461368
6,0.886643742
7,0.861182855
8,0.8629801
9,0.865116632
avg,0.870963281
Max,0.89461368
min,0.860392052
