repetition,f1-score
0,0.924162084
1,0.92427823
2,0.938891955
3,0.919921868
4,0.926223636
5,0.918050972
6,0.929712884
7,0.912050278
8,0.911426814
9,0.9221845
avg,0.922690322
Max,0.938891955
Min,0.911426814
