repetition,f1-score
0,0.872972602
1,0.868942377
2,0.850517999
3,0.880361005
4,0.861284165
5,0.879847138
6,0.865283406
7,0.861743949
8,0.873066321
9,0.889910484
Avg,0.870392945
Max,0.889910484
Min,0.850517999
