repetition,f1-score
0,0.925079662
1,0.929847272
2,0.92185513
3,0.915321704
4,0.929711989
5,0.918414535
6,0.911885753
7,0.919316515
8,0.913554508
9,0.917526287
avg,0.920251335
Max,0.929847272
Min,0.911885753
